{"cameraMode":{"drawMode":0,"name":"Shaded","section":"Shading Mode"},"sceneLighting":true,"audioPlay":false,"sceneViewState":{"showFog":true,"showMaterialUpdate":false,"showSkybox":true,"showFlares":true,"showImageEffects":true,"showParticleSystems":true,"showVisualEffectGraphs":true,"m_FxEnabled":true},"in2DMode":false,"pivot":{"x":2.6706695556640627,"y":2.7650341987609865,"z":2.2778303623199465},"rotation":{"x":-0.24597643315792085,"y":0.6632963418960571,"z":-0.24626971781253816,"w":-0.6624966859817505},"size":0.6339746713638306,"orthographic":false}