{"cameraMode":{"drawMode":0,"name":"Shaded","section":"Shading Mode"},"sceneLighting":true,"audioPlay":false,"sceneViewState":{"showFog":true,"showMaterialUpdate":false,"showSkybox":true,"showFlares":true,"showImageEffects":true,"showParticleSystems":true,"showVisualEffectGraphs":true,"m_FxEnabled":true},"in2DMode":false,"pivot":{"x":0.9258871078491211,"y":-14.803659439086914,"z":33.99417495727539},"rotation":{"x":-0.20004191994667054,"y":-0.16354498267173768,"z":0.034232497215270999,"w":-0.9654175639152527},"size":21.311784744262697,"orthographic":false}