{"cameraMode":{"drawMode":0,"name":"Shaded","section":"Shading Mode"},"sceneLighting":true,"audioPlay":false,"sceneViewState":{"showFog":true,"showMaterialUpdate":false,"showSkybox":true,"showFlares":true,"showImageEffects":true,"showParticleSystems":true,"showVisualEffectGraphs":true,"m_FxEnabled":true},"in2DMode":false,"pivot":{"x":52.098426818847659,"y":23.775081634521486,"z":22.623075485229493},"rotation":{"x":-0.2072831392288208,"y":-0.011154617182910443,"z":0.002363733947277069,"w":-0.9782189726829529},"size":40.51754379272461,"orthographic":false}