{"cameraMode":{"drawMode":0,"name":"Shaded","section":"Shading Mode"},"sceneLighting":true,"audioPlay":false,"sceneViewState":{"showFog":true,"showMaterialUpdate":false,"showSkybox":true,"showFlares":true,"showImageEffects":true,"showParticleSystems":true,"showVisualEffectGraphs":true,"m_FxEnabled":true},"in2DMode":false,"pivot":{"x":-10.383995056152344,"y":-2.5374250411987306,"z":1.970031976699829},"rotation":{"x":-0.32859209179878237,"y":-0.0022690999321639539,"z":0.0007896300521679223,"w":-0.9444804787635803},"size":6.32542085647583,"orthographic":false}