{"cameraMode":{"drawMode":0,"name":"Shaded","section":"Shading Mode"},"sceneLighting":true,"audioPlay":false,"sceneViewState":{"showFog":true,"showMaterialUpdate":false,"showSkybox":true,"showFlares":true,"showImageEffects":true,"showParticleSystems":true,"showVisualEffectGraphs":true,"m_FxEnabled":true},"in2DMode":false,"pivot":{"x":54.066558837890628,"y":16.56774139404297,"z":42.31083679199219},"rotation":{"x":0.17560647428035737,"y":0.04545926675200462,"z":-0.00810921285301447,"w":0.9833841323852539},"size":26.818225860595704,"orthographic":false}