{"cameraMode":{"drawMode":0,"name":"Shaded","section":"Shading Mode"},"sceneLighting":true,"audioPlay":false,"sceneViewState":{"showFog":true,"showMaterialUpdate":false,"showSkybox":true,"showFlares":true,"showImageEffects":true,"showParticleSystems":true,"showVisualEffectGraphs":true,"m_FxEnabled":true},"in2DMode":false,"pivot":{"x":1.1408360004425049,"y":0.6101147532463074,"z":-0.3370232582092285},"rotation":{"x":-0.1778278946876526,"y":0.6701846718788147,"z":-0.17020422220230103,"w":-0.7001990079879761},"size":0.033974647521972659,"orthographic":false}