{"cameraMode":{"drawMode":0,"name":"Shaded","section":"Shading Mode"},"sceneLighting":true,"audioPlay":false,"sceneViewState":{"showFog":true,"showMaterialUpdate":false,"showSkybox":true,"showFlares":true,"showImageEffects":true,"showParticleSystems":true,"showVisualEffectGraphs":true,"m_FxEnabled":true},"in2DMode":false,"pivot":{"x":117.17196655273438,"y":-2.8433549404144289,"z":125.14163208007813},"rotation":{"x":-0.09284085035324097,"y":-0.19420947134494782,"z":0.018833039328455926,"w":-0.9763540029525757},"size":78.01942443847656,"orthographic":false}